texto,categoria
mae quien me tira un gramo de mota,DROGAS
"Diay, ¿alguien tiene zacate pa hoy?",DROGAS
"ando seco, ocupo monte urgente",DROGAS
Vamos a fumarnos uno detrás del gimnasio,DROGAS
"Mae, ¿conoce a alguien que venda perico?",DROGAS
q rico un porrito después del brete,DROGAS
Hoy me voy a pegar una buena fumada,DROGAS
¿Dónde compro piedra aquí en Alajuela?,DROGAS
"Me mandaron pastillas de Heredia, ¿quién quiere?",DROGAS
Ese chavalo vende vicio en la esquina del cole,DROGAS
"Tengo mota de la buena, 5 mil el gramo",DROGAS
"Mae, me quedé sin tusi, ¿quién me ayuda?",DROGAS
Quiero probar éxtasis en el festival,DROGAS
¿Quién me consigue un cartón de LSD?,DROGAS
Estoy volado desde las 10 de la mañana,DROGAS
Me metí unas líneas antes de salir,DROGAS
Cuánto vale la bolsa de coca,DROGAS
ando buscando quien venda hongos,DROGAS
"Mae, se me acabó la piedra, qué ansiedad",DROGAS
"Hoy hay fumada en mi casa, caigan con lo suyo",DROGAS
"Ese mae es un viciosillo, no deja la marihuana ni un día",DROGAS
"Pásame el número del que vende, el de siempre",DROGAS
¿Alguien vende pepas para bailar toda la noche?,DROGAS
Me metí tres pepas y ya no siento nada,DROGAS
"Ocupo un gramito, ¿me lo fía hasta el viernes?",DROGAS
"Mae, qué buena está esta hierba, ¿dónde la sacó?",DROGAS
Vamos a hacer una vuelta a comprar vara,DROGAS
"Les vendo cripy barata, solo por privado",DROGAS
Voy a tronar un puro con los maes en la plaza,DROGAS
"Me tiene mal el vicio, no puedo dejar el crack",DROGAS
¿Alguien sabe dónde se consigue ketamina?,DROGAS
"Estoy vendiendo gomitas con THC, pregunte sin pena",DROGAS
Mae enrolle otro que se acabó el que llevaba,DROGAS
Esa cuadra está llena de puntos de venta de droga,DROGAS
"Me pegué una volada tremenda anoche, no recuerdo nada",DROGAS
¿A cómo me deja el kilo de marihuana?,DROGAS
"Ando con unos bombones de mota, ¿quién ocupa?",DROGAS
Me dieron una pepa en la fiesta y casi me desmayo,DROGAS
Vamos por una piedrita y después vemos qué hacemos,DROGAS
no tengo plata y ando con la ansiedad de la droga,DROGAS
"Mae, ese perico estaba cortado con cualquier cosa",DROGAS
¿Quién me hace el favor de traerme tusi de San José?,DROGAS
Ya van tres días que solo ando fumando y no como nada,DROGAS
"Se vende mercancía nueva, escriba al DM",DROGAS
Voy a ir a pegarme un pase al baño,DROGAS
"Mae, mezclé guaro con pepas y casi no la cuento",DROGAS
"Aquí en el barrio venden de todo, solo hay que preguntar",DROGAS
Quiero dejar la droga pero ocupo un último gramo,DROGAS
¿Alguien que venda papel y mota para esta noche?,DROGAS
Esos maes mueven droga en un carro negro,DROGAS
El vecino cultiva marihuana en el patio de atrás,DROGAS
Ando de pipa en pipa desde ayer,DROGAS
"Mae, ¿me regala una fumadita?",DROGAS
Compré dos bolsas de hierba y me alcanzan pa la semana,DROGAS
Cae el dealer a las 8 con todo,DROGAS
Quiero meterme algo que me haga olvidar todo,DROGAS
"Mae, ese pase de coca me dejó temblando",DROGAS
¿Dónde consigo cristal en Limón?,DROGAS
Le pasé un gramo a un compa y me debe plata,DROGAS
Los maes del bus andan vendiendo vicio,DROGAS
Hoy me fumé como cinco y estoy en las nubes,DROGAS
"Pásame el encendedor, que ya armé el porro",DROGAS
¿Alguien ocupa mota? Tengo de sobra,DROGAS
"Mae, me ofrecieron tusi en la disco y dije que sí",DROGAS
Voy a comprarle un par de pepas a ese chavalo,DROGAS
Ese mae se pasó con el perico y terminó en el hospital,DROGAS
Quiero conseguir hierba sin que mis papás se enteren,DROGAS
Se me quemó el cerebro de tanta piedra,DROGAS
"Tengo una balanza para pesar los gramos, ¿quién compra?",DROGAS
"Mae, me volé en plena clase y nadie notó",DROGAS
¿Quién tiene éxtasis pa este sábado?,DROGAS
Ando buscando a quién venderle estas pastillas,DROGAS
Voy a poner un punto de venta en la esquina de mi casa,DROGAS
"Mae, qué mal rato me dio esa mota con químicos",DROGAS
"El que vende en el parque tiene de todo, pregunte por Chepe",DROGAS
Llevo semanas consumiendo y no puedo parar,DROGAS
¿Alguien me pasa un poquito de ácido?,DROGAS
"Hoy toca fumata en la playa, lleven el monte",DROGAS
Comprá la mota por mayor y la revendés más cara,DROGAS
Me están fiando droga y ya debo mucha plata,DROGAS
"Mae, probé hongos y vi colores por todo lado",DROGAS
Dame un tirito de eso que andás,DROGAS
¿Quién me vende un par de gramos baratos?,DROGAS
"Ese man vive volado, ya ni trabaja",DROGAS
"Se quedaron sin mota en el punto, qué desastre",DROGAS
"Pagué 10 mil por un gramo de perico, es un robo",DROGAS
"Tengo contacto para conseguir lo que quiera, solo avíseme",DROGAS
"Mae, hoy me quiero ir hasta atrás con lo que sea",DROGAS
¿Alguien sabe cómo conseguir pastillas sin receta para volarse?,DROGAS
"Se me perdió la bolsita de hierba, no puede ser",DROGAS
"Estamos fumando en el techo, suban",DROGAS
Ese tico vende crack en la parada de buses,DROGAS
Ocupo quien me guarde esta droga unos días,DROGAS
"Mae, el zacate de Limón es lo mejor que hay",DROGAS
Ayer me dio un bajón horrible después de la piedra,DROGAS
¿Hay alguien que reparta droga a domicilio?,DROGAS
me pasaron un papelillo y no se qué traía,DROGAS
"Cae un camión con mercancía de Panamá, ¿quién se anota?",DROGAS
Vamos a hacer una fumata al estilo de antes,DROGAS
"Mae, mejor ni le cuento todo lo que me metí anoche",DROGAS
mae mandame una foto tuya sin ropa,SEXUAL
"Estás buenísima, quiero verte en la cama",SEXUAL
"¿Hacemos algo esta noche, solo tú y yo?",SEXUAL
Pásame nudes y yo te paso los míos,SEXUAL
Ando con ganas de tener sexo hoy,SEXUAL
Qué rica se ve esa mae en bikini,SEXUAL
¿Quiere venir a mi casa a hacer cositas?,SEXUAL
Vamos a un motel después de la fiesta,SEXUAL
"mami q buena estas, dame tu whatsapp",SEXUAL
Quiero que me mandés un video bien atrevido,SEXUAL
"Esa pelada está bien buena, le tengo ganas",SEXUAL
¿Cuánto cobra por una noche completa?,SEXUAL
"Vendo packs, escríbame al privado",SEXUAL
Quiero verte desnuda por cámara,SEXUAL
"Estoy solo en la casa, ¿venís a acompañarme?",SEXUAL
"Mae, qué culo tan brutal tiene esa chava",SEXUAL
Tengo ganas de quitarte la ropa poco a poco,SEXUAL
¿Hacemos sexting un ratito?,SEXUAL
Mándame una foto en ropa interior,SEXUAL
"Ocupo una amiga con derechos, ¿quién se apunta?",SEXUAL
"Mae, esa mae es una zorra, se acuesta con todos",SEXUAL
Te voy a dejar sin aliento en la cama,SEXUAL
Quiero besarte todo el cuerpo,SEXUAL
"Dame tu OnlyFans gratis, porfa",SEXUAL
"Estoy caliente y no hay nadie, ¿alguien por aquí?",SEXUAL
¿Tiene fotos íntimas para vender?,SEXUAL
"Esa tipa solo sirve para una noche, jaja",SEXUAL
"Mae, anoche me acosté con una pelada que conocí en Tinder",SEXUAL
Pago bien por un rato de compañía esta noche,SEXUAL
mandame un audio bien sexy,SEXUAL
Quisiera tenerte sin ropa en mi cama ahora mismo,SEXUAL
¿Hacemos un video caliente los dos?,SEXUAL
"Esa foto tuya me tiene mal, qué cuerpazo",SEXUAL
Voy a conquistarla para llevarla a un hotel,SEXUAL
Qué ganas de tocarte toda,SEXUAL
¿Alguna escort por Escazú?,SEXUAL
"Mae, mi novia me mandó fotos desnuda anoche",SEXUAL
"Ven a mi apartamento, te va a gustar lo que tengo",SEXUAL
Te mando un nude si me mandás uno,SEXUAL
Esa mae sin ropa debe verse brutal,SEXUAL
"Hagamos un trío, ¿quién se anima?",SEXUAL
Quiero que me hagás sexo oral,SEXUAL
Qué buenas tetas tiene la nueva del trabajo,SEXUAL
"Mae, esa chava me tiene loco de ganas",SEXUAL
"Subí fotos más atrevidas, que nadie se va a enterar",SEXUAL
"Estoy desnudo en la cama, ¿venís?",SEXUAL
¿Te gusta el sexo duro?,SEXUAL
Dame una noche y no vas a querer irte,SEXUAL
mae pasame el link del grupo donde pasan videos porno,SEXUAL
Quiero ver cómo te quitás la ropa,SEXUAL
Voy a comerte toda esta noche,SEXUAL
¿Tenés ganas de una cita solo para sexo?,SEXUAL
"Esa pelada se desnuda por plata, pregunte",SEXUAL
"Tengo fotos de mi ex desnuda, ¿las quiere ver?",SEXUAL
"Mae, ¿le interesa un rato rico sin compromisos?",SEXUAL
Quiero tocarte y que me toques,SEXUAL
"Qué rico besa esa mae, me dejó con ganas de más",SEXUAL
"Pásame videos de ella, los que sean",SEXUAL
"mae q cuerpazo, ya quiero verla sin nada",SEXUAL
Voy a mandarle un video mío solo pa que me conteste,SEXUAL
¿Quién quiere acostarse conmigo esta noche?,SEXUAL
Te pago el taxi si venís a mi casa,SEXUAL
"Esa vieja es una puta, mae",SEXUAL
"Ando buscando una cita rápida, ya saben pa qué",SEXUAL
"Mae, vi un video suyo con otro en la cama, está regado",SEXUAL
"Quiero que te quedés conmigo toda la noche, desnudos",SEXUAL
¿Vendés contenido para adultos? Ocupo ya,SEXUAL
Me tienes con unas ganas horribles de ti,SEXUAL
"Mándame fotos del cuerpo completo, sin ropa",SEXUAL
mae le mando mensajes calientes a la jefa,SEXUAL
Dame un beso y vemos hasta dónde llegamos,SEXUAL
Quiero dormir contigo y no precisamente a dormir,SEXUAL
"Esa mae se presta para todo, pregúntele",SEXUAL
Voy a hacerte gemir toda la noche,SEXUAL
Te quiero en mi cama con lencería roja,SEXUAL
Ayer tuve la mejor noche de sexo de mi vida,SEXUAL
¿Cuánto por un video privado?,SEXUAL
mae pasa fotos de la vara de anoche,SEXUAL
Quiero verte bailar sin ropa,SEXUAL
Me excitas con solo escribirme,SEXUAL
Voy a seducir a esa chava hoy sí o sí,SEXUAL
"Estás para comerte, mae",SEXUAL
¿Quién quiere hacer un intercambio de fotos íntimas?,SEXUAL
"Mae, qué ganas de pasar la noche con vos",SEXUAL
"Tengo un juguete nuevo, ¿quiere que se lo muestre?",SEXUAL
"Mándame audios gimiendo, porfa",SEXUAL
Esa pelada se desnudó en la fiesta y todo mundo grabó,SEXUAL
"Ven sola a mi casa, nadie se va a enterar",SEXUAL
Quiero que me digás cosas sucias al oído,SEXUAL
Hagamos una videollamada sin ropa,SEXUAL
"Estoy buscando sexo casual, escríbame",SEXUAL
Mae esa foto de perfil suya me prende,SEXUAL
Te voy a dar lo que ninguno te ha dado,SEXUAL
Qué rico se siente tenerte pegadita así,SEXUAL
"Mae, la mejor mamada que me han hecho fue anoche",SEXUAL
"Pasame el pack de esa mae, dicen que está brutal",SEXUAL
¿Y si nos escapamos a un hotel el finde?,SEXUAL
"Quiero verte sin nada, aunque sea una fotito",SEXUAL
"Esa mae es fácil, solo hay que invitarla a un trago",SEXUAL
Dame un ratito de tu cuerpo y te pago lo que quieras,SEXUAL
Te voy a matar,VIOLENCIA
"mae ya sé dónde vivís, cuidadito",VIOLENCIA
Lo voy a agarrar a puñetazos apenas lo vea,VIOLENCIA
Voy a partirle la cara a ese hijueputa,VIOLENCIA
"Un día de estos lo mato, ya me tiene harto",VIOLENCIA
"Me voy a llevar un cuchillo, a ver quién se atreve",VIOLENCIA
Cuando te encuentre te vas a acordar de mí,VIOLENCIA
Voy a quemarle el carro a ese desgraciado,VIOLENCIA
Ese malparido se merece una buena paliza,VIOLENCIA
"Ojalá te pegue un carro, pendejo",VIOLENCIA
Voy a esperarlo a la salida con unos maes,VIOLENCIA
"Mae, hay que darle una pela a ese cabrón",VIOLENCIA
"Ando armado, que no se me acerquen",VIOLENCIA
"Vengo mañana con una pistola, ya verán",VIOLENCIA
Te voy a romper todos los huesos,VIOLENCIA
Si te veo con ella te reviento,VIOLENCIA
Lo voy a dejar tirado en una zanja,VIOLENCIA
Pagué a unos maes para que lo busquen,VIOLENCIA
Voy a degollar a ese perro,VIOLENCIA
"Te voy a pegar un tiro, hijueputa",VIOLENCIA
mae q ganas de agarrarlo a patadas,VIOLENCIA
Si me volvés a hablar así te corto la cara,VIOLENCIA
Hoy en la noche arreglamos cuentas con machetes,VIOLENCIA
"Voy a matar a mi jefe, ya no aguanto",VIOLENCIA
Le voy a prender fuego a la casa con todos adentro,VIOLENCIA
Ese cerdo tiene que morir,VIOLENCIA
Voy a hacer que te arrepintás de haber nacido,VIOLENCIA
"Ya compré un arma, ahora sí van a ver",VIOLENCIA
"Si le decís a alguien, te mato a vos y a tu familia",VIOLENCIA
Te voy a pegar hasta que aprendás a respetar,VIOLENCIA
"Mae, hay que lincharlo entre todos",VIOLENCIA
Voy a buscarte y te vas a ir directo al hospital,VIOLENCIA
Voy a matar a mi ex y después a mí,VIOLENCIA
"Lo voy a apuñalar, ya lo decidí",VIOLENCIA
"Que se muera ese viejo, nadie lo va a llorar",VIOLENCIA
"Te voy a mandar a unos sicarios, ya verás",VIOLENCIA
"Mae, le voy a dar con un tubo en la jupa",VIOLENCIA
Voy a ir a la escuela con un arma y que se enteren todos,VIOLENCIA
Esa mae merece una buena golpiza por perra,VIOLENCIA
"Te voy a tirar ácido en la cara, desgraciado",VIOLENCIA
"Lo voy a ahogar en el río, cuidado",VIOLENCIA
mae si te vuelvo a ver te dejo sin dientes,VIOLENCIA
"Me voy a vengar de todos, uno por uno",VIOLENCIA
"Hoy se arma la bronca, ya llevamos los palos",VIOLENCIA
Te voy a dejar tirado en medio de la calle,VIOLENCIA
Voy a envenenar al perro de ese vecino y después a él,VIOLENCIA
Voy a agarrar a ese chavalo y a darle una paliza,VIOLENCIA
"Si no me pagás hoy, mañana te quemo el negocio",VIOLENCIA
Voy a darle un botellazo en la cabeza a ese idiota,VIOLENCIA
"No me importa ir preso, lo voy a matar",VIOLENCIA
Voy a golpear a mi novia hasta que me haga caso,VIOLENCIA
"Mae, a ese hay que darle plomo",VIOLENCIA
"Lo voy a desaparecer, nadie va a saber nada",VIOLENCIA
Cuando salgás del trabajo te estoy esperando con un bate,VIOLENCIA
"Que alguien me preste un arma, hoy me vengo",VIOLENCIA
Voy a romperle el carro a martillazos,VIOLENCIA
"Te voy a destrozar, hijueputa",VIOLENCIA
"Si me hacés una más, te hago pedazos",VIOLENCIA
Ese gordo se va a llevar una buena paliza,VIOLENCIA
Voy a hacerles daño a todos los que me molestaron,VIOLENCIA
Hay que quemar esa casa con los maes adentro,VIOLENCIA
"Lo voy a atropellar con el carro, de una",VIOLENCIA
mae yo con un machete hoy hago lo que quiera,VIOLENCIA
Voy a matar a ese chancho que me robó,VIOLENCIA
Voy a apuñalarlos a todos en esa fiesta,VIOLENCIA
Voy a tirarle una bomba casera a esa casa,VIOLENCIA
"Estás muerto, mae, ya sabés lo que te espera",VIOLENCIA
Voy a dejarla toda moreteada para que aprenda,VIOLENCIA
Si te acercás a mi hija te mato,VIOLENCIA
"Mae, esos hijueputas merecen que los quemen vivos",VIOLENCIA
Los voy a sacar de aquí a balazos,VIOLENCIA
Voy a esperar a que esté solo y le caigo,VIOLENCIA
Qué ganas de reventarle la cabeza a ese tipo,VIOLENCIA
"Voy a hacer una masacre, ya no aguanto más",VIOLENCIA
Voy a ahorcar a ese mae con una cuerda,VIOLENCIA
"Si te metés conmigo, te meto un tiro",VIOLENCIA
Te voy a abrir la cabeza con una piedra,VIOLENCIA
Voy a darle una lección con un fierro a ese pendejo,VIOLENCIA
Aquel desgraciado va a pagarlo con sangre,VIOLENCIA
Voy a golpearlos a todos hasta que no se levanten,VIOLENCIA
Esta noche voy a buscar a ese mae y lo mando al piso,VIOLENCIA
Me dan ganas de matar a todo el mundo,VIOLENCIA
Te voy a clavar un cuchillo en la espalda,VIOLENCIA
Voy a mandar a unos maes a darle una buena pela,VIOLENCIA
Lo agarramos entre cinco y lo dejamos mal,VIOLENCIA
Quiero ver sufrir a ese desgraciado antes de matarlo,VIOLENCIA
A esa mae hay que pegarle un par de cachetadas para que reaccione,VIOLENCIA
Voy a soltar a mi perro para que lo destroce,VIOLENCIA
"Hoy me llevo a alguien conmigo, ya lo decidí",VIOLENCIA
"Prepará el ataúd, que hoy se muere alguien",VIOLENCIA
Te voy a quebrar las manos para que no robés más,VIOLENCIA
"Voy a incendiar el colegio, ya verán",VIOLENCIA
"mae si me roban otra vez, salgo a matar",VIOLENCIA
Ese jupa de tigre me las va a pagar con golpes,VIOLENCIA
Voy a seguirte hasta tu casa y arreglamos eso,VIOLENCIA
"Ya hablé con unos tipos, esta semana lo callan para siempre",VIOLENCIA
"Voy a tirarte desde el segundo piso, mae",VIOLENCIA
"Quiero matarlos a todos, ya no tengo nada que perder",VIOLENCIA
Hoy no salgo de aquí sin haberlo golpeado,VIOLENCIA
"Cuando te agarre te voy a hacer sufrir, hijueputa",VIOLENCIA
